skills/dates,Python,Routing,Cisco,Perl,Aruba,HTML,C++,Agile,VPN,Linux
2022-10-01,4,3,5,8,2,2,2,1,9,3
2022-10-02,8,4,6,4,6,9,2,8,2,7
2022-10-03,7,2,3,7,1,6,1,9,9,1
2022-10-04,2,7,1,5,9,9,3,1,2,8
2022-10-05,7,7,4,4,3,9,5,5,8,8
2022-10-06,4,6,8,2,4,5,1,9,5,2
2022-10-07,6,2,8,7,5,2,1,7,4,8
2022-10-08,3,1,7,5,2,9,7,4,7,4
2022-10-09,6,2,6,4,6,2,7,9,8,2
2022-10-10,8,7,4,1,1,6,7,7,6,2
2022-10-11,7,3,8,8,8,6,7,9,6,1
2022-10-12,3,4,7,4,7,4,7,5,4,4
2022-10-13,7,9,3,3,3,3,5,5,1,8
2022-10-14,2,2,8,1,1,3,2,4,2,6
2022-10-15,2,9,9,2,7,5,1,9,7,1
2022-10-16,4,5,3,4,6,4,2,2,1,9
2022-10-17,7,7,6,1,9,8,2,2,3,6
2022-10-18,6,9,1,9,8,9,8,9,4,7
2022-10-19,7,3,2,5,9,6,9,9,7,4
2022-10-20,5,5,9,5,6,7,7,4,6,9
2022-10-21,9,4,9,6,2,4,4,1,6,1
2022-10-22,5,1,6,5,8,7,8,1,6,3
2022-10-23,6,7,8,4,1,4,5,8,8,6
2022-10-24,6,6,2,2,3,4,4,9,6,6
2022-10-25,4,4,1,3,7,6,6,1,9,2
2022-10-26,8,4,9,7,5,3,4,9,2,1
2022-10-27,2,6,4,2,8,7,5,3,2,5
2022-10-28,5,8,9,6,1,8,6,5,3,8
2022-10-29,3,1,2,2,1,9,3,1,7,2
2022-10-30,7,6,2,8,1,7,5,7,9,1
2022-10-31,7,6,8,1,3,3,6,7,5,5
2022-11-01,4,1,8,3,6,8,3,3,3,6
2022-11-02,2,6,9,5,7,1,1,4,1,7
2022-11-03,1,3,6,6,2,1,9,1,5,7
2022-11-04,8,3,8,5,5,3,6,4,4,6
2022-11-05,5,7,7,2,7,2,9,3,4,2
2022-11-06,2,4,4,8,1,8,5,1,9,8
2022-11-07,4,1,5,9,6,3,2,4,4,2
2022-11-08,9,8,1,8,9,9,2,3,8,5
2022-11-09,6,5,4,5,9,6,5,8,2,4
2022-11-10,1,4,9,3,7,3,4,5,1,9
2022-11-11,6,1,8,2,2,7,4,6,4,6
2022-11-12,5,2,6,8,1,8,1,9,1,7
2022-11-13,7,8,8,3,2,2,3,4,9,4
2022-11-14,7,6,1,3,5,6,6,7,5,6
2022-11-15,4,2,1,6,7,6,4,6,5,8
2022-11-16,3,5,6,5,1,3,4,1,4,6
2022-11-17,7,1,3,6,1,9,7,8,4,5
2022-11-18,7,1,1,5,3,6,7,3,9,7
2022-11-19,1,4,5,5,3,7,2,5,6,4
2022-11-20,3,5,7,2,7,5,7,4,4,1
2022-11-21,5,9,3,8,9,2,8,4,2,2
2022-11-22,2,6,5,8,6,7,3,7,2,1
2022-11-23,2,1,6,2,1,9,8,8,7,7
2022-11-24,1,7,1,8,9,5,9,2,1,5
2022-11-25,5,5,9,6,4,5,1,6,6,8
2022-11-26,9,4,3,8,4,7,9,5,8,4
2022-11-27,8,2,1,2,8,4,7,9,9,5
2022-11-28,2,1,1,9,9,2,3,6,9,5
2022-11-29,7,5,5,1,6,3,2,8,9,3
2022-11-30,4,2,6,3,3,9,4,2,3,8
2022-12-01,5,7,7,4,8,7,3,3,7,9
2022-12-02,3,5,7,3,3,1,1,3,4,2
2022-12-03,2,5,1,5,3,2,4,9,4,1
2022-12-04,4,6,2,4,6,8,4,5,9,6
2022-12-05,6,2,6,5,9,8,6,3,6,5
2022-12-06,7,3,4,4,5,2,8,7,5,4
2022-12-07,7,9,3,7,5,6,1,2,3,3
2022-12-08,3,3,5,9,4,9,4,2,2,7
2022-12-09,6,1,3,4,6,2,1,9,1,3
2022-12-10,3,1,2,8,2,4,3,9,2,1
2022-12-11,1,2,2,9,7,5,4,9,7,5
2022-12-12,9,9,6,7,6,7,5,2,8,2
2022-12-13,8,9,7,8,8,6,5,1,5,3
2022-12-14,1,8,4,5,6,7,8,7,1,3
2022-12-15,7,5,5,7,9,3,2,5,2,9
2022-12-16,2,9,5,4,1,5,1,2,8,2
2022-12-17,1,3,6,4,9,3,8,2,2,1
2022-12-18,4,1,1,9,5,3,8,7,9,2
2022-12-19,9,3,5,5,5,1,3,1,9,4
2022-12-20,7,3,9,7,1,4,4,2,6,8
2022-12-21,1,4,3,2,4,9,3,7,8,2
2022-12-22,9,5,8,5,1,9,7,8,4,8
2022-12-23,2,3,8,6,9,3,6,1,4,8
2022-12-24,6,4,4,8,4,8,2,6,4,6
2022-12-25,8,5,9,7,6,7,2,4,3,7
2022-12-26,4,9,6,7,8,7,3,3,9,4
2022-12-27,4,8,1,3,6,1,5,9,4,1
2022-12-28,4,1,7,7,7,2,5,8,1,8
2022-12-29,3,8,3,5,1,1,3,8,2,8
2022-12-30,2,4,4,3,5,9,6,5,4,1
2022-12-31,9,3,3,3,8,7,5,1,1,2
2023-01-01,5,8,8,5,8,2,2,4,1,1
2023-01-02,2,1,6,8,6,8,3,1,7,6
2023-01-03,1,8,5,9,5,2,1,9,1,8
2023-01-04,1,5,8,5,7,5,4,5,6,9
2023-01-05,4,6,4,9,5,3,5,3,8,2
2023-01-06,5,7,4,3,8,7,9,1,3,6
2023-01-07,3,8,2,2,1,6,2,8,1,3
2023-01-08,2,8,3,1,4,4,2,2,2,4
2023-01-09,8,6,4,5,4,1,6,1,5,7
2023-01-10,4,2,9,9,5,1,5,7,4,9
2023-01-11,4,3,5,6,2,7,1,6,4,1
2023-01-12,2,2,9,3,8,1,9,8,7,5
2023-01-13,2,4,5,9,8,1,5,3,6,3
2023-01-14,2,4,5,7,7,9,2,7,7,1
2023-01-15,9,9,2,6,6,1,7,4,8,9
2023-01-16,3,6,4,3,4,2,1,9,2,7
2023-01-17,9,9,4,1,4,3,6,3,2,9
2023-01-18,6,2,1,7,4,8,8,1,3,7
2023-01-19,2,6,8,8,5,8,5,1,8,2
2023-01-20,4,7,1,4,5,4,3,4,5,7
2023-01-21,8,9,1,2,1,1,1,2,9,3
2023-01-22,4,9,7,4,3,4,3,5,4,5
2023-01-23,9,5,4,2,5,7,8,9,2,3
2023-01-24,7,5,2,1,2,5,3,6,9,4
2023-01-25,3,1,2,2,7,2,9,1,5,8
2023-01-26,2,1,7,6,7,3,6,4,6,7
2023-01-27,4,4,3,7,6,4,5,1,7,2
2023-01-28,7,3,2,3,3,5,4,5,1,7
2023-01-29,1,9,3,8,3,5,2,1,5,8
2023-01-30,2,3,4,8,6,4,9,2,9,8
2023-01-31,7,9,2,7,8,6,4,5,5,9
2023-02-01,5,6,4,5,5,2,9,5,8,2
2023-02-02,9,8,5,4,5,7,7,1,8,5
2023-02-03,7,7,7,5,3,8,7,4,3,8
2023-02-04,6,4,6,1,5,6,1,5,5,8
2023-02-05,9,4,9,6,4,8,3,8,5,9
2023-02-06,4,1,1,6,3,9,7,6,7,8
2023-02-07,1,4,9,8,9,2,6,7,4,4
2023-02-08,1,7,7,2,2,3,1,5,5,7
2023-02-09,6,8,8,2,2,1,3,3,1,2
2023-02-10,1,2,6,6,6,4,3,9,2,5
2023-02-11,8,8,3,5,5,8,3,7,8,5
2023-02-12,5,2,7,6,9,2,3,1,7,2
2023-02-13,9,9,8,7,4,3,2,6,9,2
2023-02-14,8,3,5,2,2,1,8,9,8,2
2023-02-15,6,4,8,1,7,4,3,5,6,6
2023-02-16,9,4,5,9,6,7,4,3,5,1
2023-02-17,3,6,9,8,3,3,6,1,6,1
2023-02-18,7,4,8,5,7,3,8,4,5,8
2023-02-19,3,2,6,1,4,3,9,9,4,7
2023-02-20,8,5,1,2,5,9,7,3,2,2
2023-02-21,6,7,8,4,5,5,6,8,2,3
2023-02-22,1,7,2,1,8,7,4,4,8,8
2023-02-23,6,9,6,3,8,4,6,9,7,2
2023-02-24,3,2,6,4,4,3,7,2,8,4
2023-02-25,7,4,5,8,6,5,9,8,4,1
2023-02-26,5,8,1,4,9,5,3,7,7,4
2023-02-27,3,4,9,1,8,5,4,2,1,3
2023-02-28,5,1,2,7,2,7,4,3,2,4
2023-03-01,2,4,3,2,2,6,6,5,6,7
2023-03-02,2,9,5,5,5,4,5,2,5,8
2023-03-03,5,6,1,8,2,6,5,2,2,9
2023-03-04,2,6,1,3,8,3,9,3,9,4
2023-03-05,2,9,6,1,2,1,8,8,6,7
2023-03-06,1,7,8,5,9,4,5,7,8,9
2023-03-07,2,8,4,4,8,6,5,3,5,9
2023-03-08,7,5,9,6,1,3,9,5,8,1
2023-03-09,4,6,3,6,3,5,9,7,6,4
2023-03-10,3,7,7,2,1,2,3,7,9,2
2023-03-11,8,5,8,4,7,7,5,9,3,8
2023-03-12,6,7,5,2,7,5,4,8,7,1
2023-03-13,8,7,8,2,2,7,5,6,2,7
2023-03-14,1,2,8,7,1,9,6,7,5,6
2023-03-15,7,7,1,2,8,2,1,1,8,3
2023-03-16,9,2,7,9,3,4,8,2,7,3
2023-03-17,5,9,5,1,3,6,5,1,9,7
2023-03-18,5,7,8,5,2,5,1,1,5,6
2023-03-19,7,6,3,2,7,5,3,5,3,1
2023-03-20,2,3,6,5,6,2,5,2,4,6
2023-03-21,2,1,7,7,8,6,6,7,8,3
2023-03-22,7,7,5,4,5,9,9,6,3,8
2023-03-23,9,5,9,9,7,3,7,3,2,9
2023-03-24,7,9,3,4,3,7,1,6,3,3
2023-03-25,4,8,2,8,5,7,2,3,2,8
2023-03-26,4,8,7,4,3,6,3,4,4,3
2023-03-27,6,9,7,8,4,7,8,6,2,9
