skills/dates,Big Data,HTTP,Web Development,JavaScript,APEX,Ajax,Cyber Security,Oracle,HTML,C++
2022-10-01,4,5,5,5,2,4,2,1,5,5
2022-10-02,4,9,5,5,7,2,3,6,6,2
2022-10-03,2,7,3,9,3,9,7,2,9,4
2022-10-04,7,7,6,9,2,7,7,3,5,1
2022-10-05,2,4,2,4,8,5,9,3,9,1
2022-10-06,1,8,1,9,6,9,9,6,4,1
2022-10-07,6,2,4,5,5,2,6,5,1,4
2022-10-08,1,4,8,4,8,3,4,8,5,6
2022-10-09,6,5,6,6,4,1,2,4,7,6
2022-10-10,3,7,7,3,5,8,9,8,1,5
2022-10-11,5,6,7,7,5,5,6,7,3,2
2022-10-12,9,4,5,4,5,9,2,3,6,3
2022-10-13,3,3,3,3,4,3,3,4,5,1
2022-10-14,6,2,5,4,9,7,4,9,1,3
2022-10-15,7,4,1,1,9,5,1,7,3,7
2022-10-16,4,2,4,1,2,3,2,8,8,7
2022-10-17,6,5,7,7,1,3,7,9,5,7
2022-10-18,1,3,7,6,8,1,8,2,8,2
2022-10-19,4,9,5,1,1,1,5,1,1,6
2022-10-20,9,9,3,8,4,6,9,5,9,4
2022-10-21,5,6,8,7,1,8,9,4,2,3
2022-10-22,1,1,5,4,6,3,6,2,6,9
2022-10-23,6,8,8,7,3,1,6,1,4,7
2022-10-24,9,7,7,9,7,9,4,2,8,1
2022-10-25,6,3,4,3,1,4,7,5,2,3
2022-10-26,5,1,3,1,1,1,5,4,6,8
2022-10-27,4,8,1,4,7,7,2,8,2,4
2022-10-28,9,3,7,8,5,6,9,1,3,4
2022-10-29,9,1,7,7,4,3,3,4,3,9
2022-10-30,6,8,3,9,5,4,3,3,3,1
2022-10-31,1,7,7,1,6,7,5,7,8,7
2022-11-01,6,7,4,1,6,1,6,4,2,6
2022-11-02,4,3,5,3,4,8,9,6,3,5
2022-11-03,6,5,1,9,5,9,4,2,6,9
2022-11-04,6,4,7,6,4,9,8,5,2,5
2022-11-05,6,9,8,2,7,5,6,9,5,8
2022-11-06,1,7,1,2,9,5,3,8,5,8
2022-11-07,3,8,8,8,8,6,3,7,8,7
2022-11-08,6,7,3,5,7,8,7,8,3,4
2022-11-09,6,9,6,3,2,9,1,8,2,7
2022-11-10,4,9,9,7,8,7,2,7,7,2
2022-11-11,1,6,4,9,7,4,7,4,5,7
2022-11-12,9,2,4,9,6,1,7,2,4,7
2022-11-13,9,1,6,9,3,1,4,1,6,2
2022-11-14,1,1,3,6,7,5,6,3,5,3
2022-11-15,4,9,5,9,1,1,2,8,2,8
2022-11-16,2,7,3,3,6,5,1,4,9,4
2022-11-17,7,2,2,8,2,6,5,2,8,3
2022-11-18,5,6,1,9,5,4,5,4,1,7
2022-11-19,6,7,6,1,7,5,7,9,8,8
2022-11-20,6,5,7,9,6,3,3,6,7,9
2022-11-21,9,8,3,5,3,6,2,5,8,7
2022-11-22,1,1,5,1,9,9,4,7,1,6
2022-11-23,6,7,4,6,7,7,1,1,4,3
2022-11-24,4,2,8,1,9,1,9,7,8,9
2022-11-25,8,6,1,4,3,8,7,1,7,2
2022-11-26,9,2,1,8,3,2,3,7,9,2
2022-11-27,3,2,3,6,2,2,9,8,2,2
2022-11-28,3,3,9,7,7,2,8,4,1,1
2022-11-29,4,3,2,3,6,7,5,3,7,5
2022-11-30,4,3,6,7,2,2,5,3,6,2
2022-12-01,9,2,6,7,9,5,8,9,4,3
2022-12-02,7,3,8,8,9,3,8,9,8,3
2022-12-03,6,5,7,1,6,6,9,1,1,3
2022-12-04,1,5,8,9,6,5,6,8,2,5
2022-12-05,9,8,7,4,7,9,8,2,1,1
2022-12-06,6,6,3,7,5,3,4,5,4,4
2022-12-07,8,2,2,1,5,5,5,1,3,2
2022-12-08,2,2,8,3,4,3,8,7,9,4
2022-12-09,3,2,6,5,6,7,9,5,3,7
2022-12-10,3,1,1,8,5,8,7,8,4,2
2022-12-11,7,7,7,9,8,6,8,2,8,8
2022-12-12,6,5,4,8,6,2,4,1,2,7
2022-12-13,4,3,4,9,1,5,6,8,9,9
2022-12-14,6,2,1,8,4,5,6,6,1,3
2022-12-15,9,9,7,4,7,6,9,4,7,3
2022-12-16,9,8,6,2,6,4,5,2,8,6
2022-12-17,9,5,1,1,4,1,1,7,5,6
2022-12-18,3,6,5,3,4,7,6,6,8,6
2022-12-19,8,6,1,1,7,2,9,9,7,7
2022-12-20,2,2,6,8,6,4,8,8,4,1
2022-12-21,5,1,5,1,8,5,2,4,1,8
2022-12-22,1,2,7,5,7,2,6,8,6,4
2022-12-23,5,3,9,4,2,2,6,6,9,6
2022-12-24,8,8,2,8,9,6,2,5,2,5
2022-12-25,7,8,1,2,2,5,6,4,9,1
2022-12-26,5,3,8,7,2,9,4,5,5,5
2022-12-27,8,8,4,6,2,2,7,8,1,8
2022-12-28,5,4,4,2,2,6,3,2,7,7
2022-12-29,5,5,7,9,7,1,4,7,2,8
2022-12-30,7,5,8,9,1,6,6,4,4,2
2022-12-31,8,6,9,4,7,7,2,9,9,4
2023-01-01,2,2,6,8,6,1,2,6,5,2
2023-01-02,6,1,3,6,5,4,6,2,4,7
2023-01-03,1,6,7,5,1,8,2,8,2,8
2023-01-04,8,3,8,2,5,7,1,8,4,5
2023-01-05,9,8,6,5,1,5,9,1,4,8
2023-01-06,2,1,2,2,8,1,1,8,5,7
2023-01-07,4,6,6,1,4,7,4,4,2,5
2023-01-08,6,6,9,8,6,6,8,2,7,6
2023-01-09,8,1,8,5,9,6,9,9,6,7
2023-01-10,8,2,1,4,3,3,5,9,9,5
2023-01-11,8,4,4,3,2,5,2,8,2,9
2023-01-12,7,9,7,8,2,6,5,2,1,4
2023-01-13,4,5,2,2,8,3,4,7,1,1
2023-01-14,5,5,6,5,1,3,7,8,6,1
2023-01-15,8,4,4,3,2,9,9,4,8,1
2023-01-16,8,6,5,4,5,1,8,4,8,5
2023-01-17,7,3,9,1,9,6,3,6,7,3
2023-01-18,8,5,6,9,6,7,5,4,3,7
2023-01-19,2,3,8,4,5,3,5,5,8,9
2023-01-20,6,9,4,7,4,6,4,8,6,3
2023-01-21,3,2,6,6,1,7,5,7,5,2
2023-01-22,6,6,5,7,7,6,4,4,7,5
2023-01-23,7,4,5,5,4,9,6,8,2,5
2023-01-24,2,4,7,7,3,6,4,7,8,2
2023-01-25,8,3,6,7,2,4,5,6,8,9
2023-01-26,4,4,9,5,8,1,4,8,3,3
2023-01-27,8,5,2,2,2,4,2,3,3,7
2023-01-28,2,6,2,9,7,5,7,5,1,5
2023-01-29,1,6,3,7,3,2,1,5,7,3
2023-01-30,2,2,3,3,5,5,5,8,6,8
2023-01-31,7,4,3,4,4,4,3,2,8,4
2023-02-01,9,8,8,3,2,8,7,6,9,3
2023-02-02,4,4,2,7,4,7,7,6,1,4
2023-02-03,7,4,5,5,3,5,3,5,7,3
2023-02-04,6,4,8,9,2,1,9,9,4,7
2023-02-05,4,5,1,6,4,7,5,8,5,9
2023-02-06,6,5,6,3,9,9,3,9,4,9
2023-02-07,7,8,5,3,2,3,9,5,4,7
2023-02-08,7,5,9,2,9,5,4,9,8,9
2023-02-09,6,8,1,9,5,7,7,5,5,1
2023-02-10,1,2,4,1,4,2,2,4,8,9
2023-02-11,8,7,9,7,8,9,5,6,6,9
2023-02-12,8,6,8,8,1,4,2,3,5,4
2023-02-13,4,9,5,9,7,5,9,9,3,4
2023-02-14,2,8,2,8,3,1,9,8,9,7
2023-02-15,8,2,6,9,6,4,1,5,1,9
2023-02-16,1,6,3,8,6,4,8,1,5,6
2023-02-17,3,4,5,4,8,5,1,6,6,7
2023-02-18,9,5,7,7,2,6,3,1,7,4
2023-02-19,8,9,7,6,3,6,4,4,1,5
2023-02-20,3,3,1,2,6,2,8,1,4,6
2023-02-21,8,4,8,3,6,9,8,4,3,5
2023-02-22,9,2,9,5,8,9,8,1,9,6
2023-02-23,6,7,3,9,5,3,6,5,7,3
2023-02-24,2,8,9,9,6,7,2,2,6,7
2023-02-25,5,1,7,1,5,9,2,5,8,6
2023-02-26,2,2,8,1,8,2,3,8,1,5
2023-02-27,2,9,8,8,4,1,8,3,4,6
2023-02-28,3,6,3,7,1,8,4,8,5,6
2023-03-01,3,1,2,7,8,1,2,8,8,5
2023-03-02,2,5,1,3,4,1,8,4,9,5
2023-03-03,3,7,5,8,3,5,4,6,2,1
2023-03-04,2,2,3,1,1,4,2,8,7,5
2023-03-05,9,7,6,1,3,9,8,9,5,2
2023-03-06,9,7,6,5,4,3,4,6,2,5
2023-03-07,8,3,6,4,2,6,9,8,4,9
2023-03-08,8,9,3,2,5,7,9,7,3,7
2023-03-09,5,9,2,1,8,2,7,4,2,4
2023-03-10,2,3,8,4,8,9,2,6,4,6
2023-03-11,6,6,9,3,3,2,4,7,5,6
2023-03-12,5,1,8,7,7,8,6,3,9,3
2023-03-13,2,3,8,3,3,2,8,5,7,4
2023-03-14,1,9,3,9,9,2,9,4,4,4
2023-03-15,8,5,8,1,4,9,2,3,2,8
2023-03-16,5,9,5,9,3,8,2,5,6,1
2023-03-17,8,2,3,3,3,9,5,4,7,2
2023-03-18,3,3,6,8,6,9,5,4,7,6
2023-03-19,5,8,8,1,3,2,6,5,8,1
2023-03-20,3,8,8,4,5,8,6,1,2,2
2023-03-21,2,4,3,6,2,5,7,9,6,4
2023-03-22,2,8,9,3,4,2,7,4,1,8
2023-03-23,7,8,2,1,9,9,8,8,9,1
2023-03-24,8,8,7,1,9,7,2,8,3,7
2023-03-25,7,7,9,1,1,2,2,3,8,6
2023-03-26,3,9,2,6,8,9,9,9,2,6
2023-03-27,4,8,6,6,6,4,3,8,2,7
